Shipper Package Id,,
INLAND103893813,,
INLAND103594007,,
67660720536,,
67660721108,,
67660721163,,
INLAND103607412,,
67660725210,,
67660725853,,
67660726421,,
67660730381,,
67660734010,,
67660735957,,
67660736945,,
67660738028,,
67660738030,,
67660739081,,
INLAND103654992,,
67660742343,,
67660742452,,
67660742768,,
INLAND103665056,,
67660746954,,
67660747257,,
67660747591,,
67660748164,,
INLAND103671235,,
INLAND103671219,,
67660749853,,
67660751595,,
67660751788,,
67660753465,,
67660755686,,
67660755700,,
67660755704,,
67660757341,,
67660760717,,
67660764300,,
INLAND103704234,,
67660765756,,
67660767168,,
67660767207,,
67660770128,,
67660771767,,
67660772175,,
67660774061,,
67660774716,,
INLAND103738366,,
INLAND103739215,,
INLAND103747979,,
67660779976,,
INLAND103752473,,
INLAND103751483,,
67660783470,,
INLAND103754479,,
67660783740,,
67660785074,,
67660785924,,
INLAND103763397,,
INLAND103769519,,
67660789215,,
67660790353,,
67660791734,,
67660792208,,
67660802744,,
67660811666,,
67660821059,,
67660824090,,
67660824372,,
67660825350,,
67660827350,,
67660827422,,
67660827467,,
67660827473,,
67660827576,,
67660827622,,
67660827853,,
67660827857,,
67660828278,,
67660828456,,
67660828705,,
67660828730,,
67660828911,,
67660829040,,
67660829113,,
67660829162,,
67660829199,,
67660829615,,
INLAND103770269,,
INLAND103779295,,
67660844724,,
67660848292,,
67660848605,,
67660849944,,
67660850450,,
67660850631,,
67660850647,,
67660850755,,
67660850869,,
67660850973,,
67660851130,,
67660851159,,
67660851209,,
67660851331,,
67660851655,,
67660852130,,
67660852437,,
INLAND103848777,,
67660852663,,
67660852707,,
67660852844,,
67660852874,,
67660853054,,
INLAND103854485,,
INLAND103853693,,
INLAND103855772,,
67660853089,,
67660853538,,
67660853682,,
67660853873,,
67660853881,,
67660853918,,
67660854106,,
67660854212,,
67660854316,,
67660854334,,
67660854514,,
67660854607,,
67660854754,,
67660854885,,
67660854934,,
67660855386,,
67660855442,,
67660855552,,
67660855639,,
67660855704,,
67660855727,,
67660855736,,
67660855825,,
67660855876,,
67660855927,,
67660855987,,
67660856012,,
67660856029,,
67660856092,,
67660856118,,
INLAND103865060,,
67660856214,,
67660856385,,
INLAND103866208,,
67660856420,,
67660856507,,
67660856576,,
67660856585,,
67660856618,,
INLAND103873667,,
67660856689,,
67660856695,,
67660856700,,
67660856720,,
67660856729,,
67660856746,,
67660856769,,
67660856770,,
67660856833,,
67660856837,,
67660856853,,
67660856854,,
67660856855,,
67660856869,,
67660856876,,
67660856894,,
67660856905,,
67660856912,,
67660856927,,
67660856930,,
67660856949,,
67660856995,,
67660857015,,
67660857026,,
67660857036,,
67660857045,,
67660857087,,
67660857111,,
INLAND103873013,,
INLAND103873914,,
67660857180,,
67660857199,,
67660857220,,
67660857228,,
67660857257,,
67660857404,,
67660857456,,
67660857545,,
67660857553,,
67660857558,,
67660857592,,
67660857667,,
67660857711,,
67660857720,,
67660857750,,
67660857767,,
67660857771,,
67660857773,,
67660857792,,
67660857801,,
67660857804,,
INLAND103878055,,
67660857875,,
67660857879,,
67660857895,,
67660857923,,
67660857950,,
67660857964,,
67660857972,,
67660857999,,
67660858034,,
67660858048,,
67660858106,,
67660858111,,
67660858139,,
67660858141,,
67660858171,,
67660858186,,
67660858224,,
67660858235,,
67660858238,,
67660858326,,
67660858345,,
67660858433,,
67660858458,,
67660858507,,
67660858582,,
67660858586,,
67660858635,,
67660858657,,
67660858682,,
67660858686,,
67660858693,,
67660858704,,
INLAND103879657,,
INLAND103879649,,
67660858788,,
67660858796,,
67660858799,,
67660858804,,
67660858819,,
67660858825,,
67660858856,,
67660858870,,
67660858925,,
67660858977,,
INLAND103879376,,
INLAND103884515,,
INLAND103881967,,
INLAND103879095,,
INLAND103879178,,
INLAND103879087,,
INLAND103879102,,
INLAND103879128,,
67660859642,,
INLAND103886090,,
INLAND103886115,,
INLAND103885414,,
INLAND103884531,,
INLAND103887030,,
INLAND103885753,,
INLAND103885761,,
INLAND103887759,,
INLAND103889953,,
INLAND103887634,,
INLAND103889060,,
INLAND103889052,,
INLAND103888038,,
INLAND103887569,,
INLAND103888913,,
INLAND103889838,,
INLAND103890330,,
INLAND103887543,,
INLAND103893657,,
INLAND103893475,,
INLAND103891718,,
INLAND103891461,,
INLAND103892089,,
INLAND103892063,,
INLAND103891875,,
INLAND103891924,,
INLAND103891940,,
INLAND103893590,,
INLAND103892815,,
INLAND103892550,,
INLAND103892659,,
INLAND103897352,,
INLAND103897427,,
INLAND103894811,,
INLAND103894837,,
INLAND103897592,,
INLAND103897097,,
INLAND103896081,,
INLAND103894621,,
INLAND103894564,,
INLAND103896768,,
INLAND103894150,,
INLAND103897071,,
INLAND103894556,,
INLAND103894960,,
INLAND103896809,,
INLAND103895976,,
INLAND103900965,,
INLAND103899928,,
INLAND103897922,,
INLAND103897906,,
INLAND103898334,,
INLAND103899291,,
INLAND103899887,,
INLAND103899853,,
INLAND103900741,,
INLAND103900171,,
INLAND103898615,,
67660860829,,
67660860836,,
INLAND103904173,,
INLAND103903646,,
INLAND103902531,,
INLAND103901244,,
INLAND103902599,,
INLAND103901434,,
67660861621,,
INLAND103903696,,
INLAND103903597,,
INLAND103902276,,
INLAND103902284,,
INLAND103905080,,
INLAND103901492,,
INLAND103904404,,
67660862234,,
67660862272,,
INLAND103902903,,
INLAND103902804,,
INLAND103904008,,
INLAND103903993,,
67660862372,,
67660862608,,
INLAND103908761,,
INLAND103908018,,
INLAND103908026,,
INLAND103905816,,
INLAND103905725,,
INLAND103907359,,
INLAND103906864,,
INLAND103906038,,
INLAND103905402,,
INLAND103907185,,
INLAND103905262,,
INLAND103905999,,
INLAND103905337,,
INLAND103906385,,
INLAND103906377,,
INLAND103907143,,
INLAND103906715,,
INLAND103909230,,
INLAND103905783,,
INLAND103905379,,
INLAND103909397,,
INLAND103907242,,
INLAND103906963,,
INLAND103906947,,
INLAND103905981,,
INLAND103908109,,
INLAND103908092,,
INLAND103909793,,
INLAND103913695,,
INLAND103913661,,
INLAND103910675,,
INLAND103910782,,
INLAND103912283,,
INLAND103912887,,
INLAND103912879,,
INLAND103911409,,
INLAND103913421,,
INLAND103914099,,
INLAND103909983,,
INLAND103912994,,
INLAND103910849,,
INLAND103913083,,
INLAND103911516,,
INLAND103912217,,
INLAND103911566,,
INLAND103912837,,
INLAND103913364,,
INLAND103913124,,
INLAND103911657,,
INLAND103912671,,
INLAND103911334,,
INLAND103911912,,
INLAND103910188,,
INLAND103911441,,
INLAND103911417,,
INLAND103911425,,
INLAND103911433,,
INLAND103911798,,
INLAND103910873,,
INLAND103910899,,
INLAND103909529,,
INLAND103909826,,
INLAND103912423,,
INLAND103911251,,
67660863729,,
INLAND103910394,,
INLAND103910401,,
67660863741,,
67660863921,,
INLAND103918653,,
INLAND103919578,,
INLAND103918976,,
INLAND103917861,,
INLAND103914396,,
INLAND103917291,,
INLAND103917275,,
67660864654,,
67660865157,,
INLAND103927670,,
INLAND103927646,,
INLAND103926945,,
INLAND103926961,,
INLAND103924238,,
INLAND103924220,,
INLAND103921284,,
INLAND103923751,,
INLAND103922117,,
INLAND103920971,,
67660865619,,
67660865646,,
67660865757,,
67660865779,,
INLAND103928024,,
67660865901,,
67660865946,,
67660865979,,
67660865995,,
67660866064,,
67660866068,,
67660866091,,
67660866096,,
67660866151,,
67660866203,,
67660866297,,
67660866348,,
67660866361,,
67660866362,,
67660866435,,
67660866491,,
67660866565,,
67660866585,,
67660866637,,
67660866677,,
67660866718,,
67660866736,,
67660866768,,
67660866843,,
67660866847,,
67660866855,,
67660866913,,
INLAND103938487,,
67660866943,,
67660867024,,
67660867052,,
67660867118,,
67660867120,,
67660867126,,
67660867143,,
67660867169,,
67660867181,,
67660867224,,
INLAND103939097,,
67660867255,,
67660867309,,
INLAND103940359,,
INLAND103939683,,
INLAND103939881,,
67660867328,,
67660867338,,
67660867386,,
67660867432,,
67660867465,,
67660867562,,
67660867591,,
67660867606,,
67660867613,,
67660867641,,
67660867651,,
67660867681,,
67660867696,,
67660867794,,
67660867918,,
67660867928,,
67660867938,,
67660867972,,
67660868045,,
INLAND103946084,,
67660868060,,
67660868076,,
INLAND103945119,,
INLAND103942892,,
67660868117,,
67660868118,,
67660868128,,
67660868130,,
INLAND103945028,,
67660868147,,
67660868166,,
67660868201,,
INLAND103945333,,
67660868221,,
67660868357,,
67660868410,,
INLAND103947165,,
67660868480,,
67660868490,,
67660868496,,
67660868541,,
67660868604,,
67660868622,,
INLAND103947404,,
INLAND103947446,,
67660868734,,
67660868753,,
INLAND103943147,,
67660868793,,
67660868833,,
67660868858,,
67660868863,,
INLAND103947107,,
INLAND103946993,,
67660868956,,
67660868957,,
67660868980,,
67660869006,,
67660869091,,
67660869128,,
67660869164,,
67660869167,,
67660869182,,
67660869204,,
67660869283,,
67660869294,,
67660869307,,
67660869309,,
INLAND103948973,,
INLAND103949856,,
INLAND103949658,,
67660869452,,
67660869522,,
67660869693,,
67660869756,,
67660869774,,
67660869782,,
67660869835,,
67660869842,,
67660869860,,
67660869909,,
INLAND103952411,,
INLAND103953162,,
INLAND103950332,,
67660870020,,
67660870021,,
INLAND103952239,,
INLAND103950580,,
67660870105,,
67660870127,,
INLAND103950481,,
INLAND103950142,,
INLAND103951182,,
INLAND103951736,,
INLAND103951299,,
INLAND103951306,,
INLAND103951695,,
INLAND103951653,,
INLAND103951116,,
INLAND103954087,,
INLAND103955168,,
INLAND103955150,,
INLAND103955134,,
INLAND103954780,,
INLAND103955770,,
INLAND103955746,,
INLAND103955738,,
INLAND103955788,,
INLAND103955564,,
INLAND103955267,,
INLAND103955259,,
INLAND103955324,,
INLAND103955415,,
INLAND103955754,,
INLAND103958550,,
INLAND103958542,,
INLAND103959368,,
INLAND103957891,,
INLAND103958229,,
INLAND103956794,,
INLAND103957718,,
INLAND103958948,,
INLAND103958526,,
INLAND103956835,,
INLAND103957726,,
INLAND103960696,,
INLAND103960828,,
INLAND103960406,,
INLAND103960802,,
INLAND103960323,,
INLAND103961678,,
INLAND103961438,,
INLAND103962238,,
INLAND103961454,,
INLAND103962171,,
INLAND103961793,,
INLAND103961785,,
INLAND103962478,,
INLAND103961751,,
INLAND103961868,,
INLAND103962428,,
INLAND103962361,,
INLAND103963210,,
INLAND103964185,,
INLAND103965034,,
INLAND103964490,,
INLAND103964664,,
INLAND103963450,,
INLAND103963137,,
INLAND103963129,,
INLAND103965133,,
INLAND103963145,,
INLAND103965076,,
INLAND103964911,,
INLAND103964929,,
INLAND103964937,,
INLAND103963905,,
INLAND103962832,,
INLAND103964622,,
INLAND103962692,,
INLAND103963575,,
INLAND103963509,,
INLAND103963484,,
INLAND103965109,,
INLAND103965117,,
INLAND103964820,,
INLAND103965026,,
INLAND103963236,,
INLAND103964549,,
INLAND103966090,,
INLAND103966488,,
INLAND103967436,,
INLAND103966983,,
INLAND103967452,,
INLAND103967113,,
INLAND103966222,,
INLAND103967030,,
INLAND103968236,,
INLAND103968228,,
INLAND103969086,,
INLAND103969888,,
INLAND103968319,,
INLAND103968872,,
INLAND103969440,,
INLAND103968690,,
INLAND103968351,,
INLAND103968327,,
INLAND103968989,,
INLAND103968418,,
INLAND103969432,,
INLAND103969458,,
INLAND103968666,,
INLAND103969680,,
INLAND103967965,,
INLAND103967717,,
INLAND103967957,,
INLAND103968682,,
INLAND103970190,,
INLAND103969763,,
INLAND103969755,,
INLAND103968814,,
INLAND103968096,,
INLAND103967676,,
INLAND103968294,,
INLAND103968260,,
INLAND103968286,,
INLAND103968335,,
INLAND103969169,,
INLAND103968559,,
INLAND103967866,,
INLAND103967759,,
INLAND103967832,,
INLAND103967949,,
INLAND103967816,,
INLAND103968624,,
INLAND103970041,,
INLAND103969466,,
INLAND103971510,,
INLAND103971560,,
INLAND103971148,,
INLAND103968525,,
INLAND103967709,,
INLAND103971081,,
INLAND103970702,,
INLAND103970819,,
INLAND103971130,,
INLAND103971354,,
INLAND103971362,,
INLAND103971346,,
INLAND103971073,,
INLAND103972980,,
INLAND103971833,,
INLAND103972112,,
INLAND103972063,,
INLAND103972659,,
INLAND103974457,,
INLAND103972229,,
INLAND103972427,,
INLAND103972352,,
INLAND103974530,,
INLAND103973954,,
INLAND103975687,,
INLAND103973079,,
INLAND103975710,,
INLAND103975695,,
INLAND103973300,,
INLAND103974522,,
INLAND103972287,,
INLAND103974291,,
INLAND103973805,,
INLAND103973491,,
INLAND103975471,,
INLAND103972691,,
INLAND103972261,,
INLAND103973699,,
INLAND103972477,,
INLAND103971875,,
INLAND103975398,,
INLAND103974415,,
INLAND103974407,,
INLAND103972336,,
INLAND103972683,,
INLAND103972708,,
INLAND103972675,,
INLAND103973285,,
INLAND103976289,,
INLAND103976487,,
INLAND103976007,,
INLAND103974796,,
INLAND103976156,,
INLAND103972576,,
INLAND103974928,,
INLAND103973417,,
INLAND103972485,,
INLAND103975091,,
INLAND103977807,,
INLAND103977782,,
INLAND103975900,,
INLAND103976544,,
INLAND103977576,,
INLAND103975380,,
INLAND103976263,,
INLAND103976271,,
INLAND103976966,,
INLAND103976362,,
INLAND103976221,,
INLAND103977500,,
INLAND103978102,,
INLAND103977766,,
INLAND103977055,,
INLAND103977047,,
INLAND103977584,,
INLAND103977659,,
INLAND103978425,,
INLAND103976213,,
INLAND103976247,,
INLAND103977261,,
INLAND103976338,,
INLAND103975801,,
INLAND103978045,,
INLAND103978136,,
INLAND103976560,,
INLAND103976651,,
INLAND103977394,,
INLAND103977336,,
INLAND103976388,,
INLAND103976841,,
INLAND103976867,,
INLAND103978160,,
INLAND103978227,,
INLAND103978194,,
INLAND103977592,,
INLAND103977526,,
INLAND103980058,,
INLAND103980157,,
INLAND103982228,,
INLAND103979548,,
INLAND103979291,,
INLAND103980876,,
INLAND103980040,,
INLAND103980248,,
INLAND103982187,,
INLAND103979960,,
INLAND103979746,,
INLAND103981709,,
INLAND103981410,,
INLAND103981593,,
INLAND103978897,,
INLAND103981931,,
INLAND103982533,,
INLAND103981056,,
INLAND103981387,,
INLAND103982195,,
INLAND103981113,,
INLAND103982210,,
INLAND103980462,,
INLAND103981270,,
INLAND103981311,,
INLAND103981668,,
INLAND103982632,,
INLAND103982054,,
INLAND103978970,,
INLAND103982393,,
INLAND103982484,,
INLAND103982434,,
INLAND103981949,,
INLAND103978722,,
INLAND103979259,,
INLAND103978871,,
INLAND103981246,,
INLAND103979671,,
INLAND103979704,,
INLAND103982468,,
INLAND103980933,,
INLAND103980298,,
INLAND103979118,,
INLAND103982096,,
INLAND103980561,,
INLAND103982385,,
INLAND103981957,,
INLAND103981402,,
INLAND103978946,,
INLAND103979457,,
INLAND103979126,,
INLAND103980868,,
INLAND103981080,,
INLAND103979837,,
INLAND103979829,,
INLAND103979811,,
INLAND103980991,,
INLAND103982541,,
INLAND103978681,,
INLAND103979134,,
INLAND103981345,,
INLAND103981337,,
INLAND103982525,,
INLAND103981212,,
INLAND103980727,,
INLAND103979663,,
INLAND103979689,,
INLAND103982442,,
INLAND103979936,,
INLAND103979994,,
INLAND103980032,,
INLAND103980066,,
INLAND103980024,,
INLAND103980016,,
INLAND103982153,,
INLAND103982137,,
INLAND103981395,,
INLAND103980206,,
INLAND103980131,,
INLAND103979564,,
INLAND103979572,,
INLAND103979580,,
INLAND103979556,,
INLAND103979986,,
INLAND103979978,,
INLAND103980628,,
INLAND103979754,,
INLAND103978863,,
INLAND103981098,,
INLAND103978962,,
INLAND103982583,,
INLAND103979895,,
INLAND103979861,,
INLAND103979887,,
INLAND103979879,,
INLAND103979845,,
INLAND103980412,,
INLAND103980553,,
INLAND103980595,,
INLAND103979928,,
INLAND103982450,,
INLAND103979150,,
INLAND103982492,,
INLAND103981105,,
INLAND103980008,,
INLAND103983193,,
INLAND103983771,,
INLAND103982658,,
INLAND103982145,,
INLAND103982517,,
INLAND103979796,,
INLAND103980694,,
INLAND103980735,,
INLAND103980719,,
INLAND103980686,,
INLAND103978699,,
INLAND103982377,,
INLAND103980892,,
INLAND103979605,,
INLAND103978855,,
INLAND103980389,,
INLAND103980355,,
INLAND103980371,,
INLAND103980347,,
INLAND103980363,,
INLAND103980321,,
INLAND103980313,,
INLAND103980511,,
INLAND103980404,,
INLAND103980537,,
INLAND103983507,,
INLAND103979465,,
INLAND103978780,,
INLAND103982830,,
INLAND103979697,,
INLAND103980743,,
INLAND103982252,,
INLAND103980123,,
INLAND103982947,,
INLAND103982913,,
INLAND103982856,,
INLAND103982872,,
INLAND103980909,,
INLAND103983482,,
INLAND103983474,,
INLAND103978798,,
INLAND103983002,,
INLAND103983234,,
INLAND103981676,,
INLAND103980785,,
INLAND103983317,,
INLAND103980470,,
INLAND103980438,,
INLAND103981147,,
INLAND103982294,,
INLAND103979051,,
INLAND103980529,,
INLAND103978756,,
INLAND103983622,,
INLAND103981478,,
INLAND103981535,,
INLAND103981486,,
INLAND103981569,,
INLAND103982715,,
INLAND103982707,,
INLAND103980660,,
INLAND103979267,,
INLAND103983755,,
INLAND103983747,,
INLAND103983680,,
INLAND103982921,,
INLAND103981741,,
INLAND103981139,,
INLAND103979176,,
INLAND103980941,,
INLAND103980975,,
INLAND103981030,,
INLAND103983565,,
INLAND103983268,,
INLAND103981262,,
INLAND103981254,,
INLAND103983060,,
INLAND103979043,,
INLAND103979035,,
INLAND103983242,,
INLAND103981866,,
INLAND103979374,,
INLAND103983432,,
INLAND103983606,,
INLAND103980793,,
INLAND103983375,,
INLAND103981303,,
INLAND103981288,,
INLAND103982749,,
INLAND103982773,,
INLAND103983284,,
INLAND103983135,,
INLAND103980149,,
INLAND103983490,,
INLAND103982864,,
INLAND103980959,,
INLAND103981014,,
INLAND103982575,,
INLAND103982591,,
INLAND103983440,,
INLAND103983713,,
INLAND103983721,,
INLAND103983466,,
INLAND103982179,,
INLAND103982161,,
INLAND103981650,,
INLAND103981444,,
INLAND103981460,,
INLAND103981452,,
INLAND103979366,,
INLAND103985628,,
INLAND103985280,,
INLAND103988622,,
INLAND103986915,,
INLAND103986890,,
INLAND103985925,,
INLAND103985909,,
INLAND103985917,,
INLAND103988549,,
INLAND103988573,,
INLAND103983804,,
INLAND103985454,,
INLAND103986121,,
INLAND103986486,,
INLAND103985272,,
INLAND103984828,,
INLAND103987369,,
INLAND103987351,,
INLAND103986577,,
INLAND103988961,,
INLAND103985959,,
INLAND103985735,,
INLAND103988599,,
INLAND103985371,,
INLAND103985347,,
INLAND103984191,,
INLAND103984018,,
INLAND103986402,,
INLAND103986436,,
INLAND103985678,,
INLAND103988440,,
INLAND103987723,,
INLAND103985074,,
INLAND103985090,,
INLAND103984406,,
INLAND103983995,,
INLAND103988490,,
INLAND103988945,,
INLAND103988218,,
INLAND103987541,,
INLAND103987426,,
INLAND103984464,,
INLAND103986808,,
INLAND103983797,,
INLAND103985826,,
INLAND103988515,,
INLAND103985058,,
INLAND103985404,,
INLAND103985470,,
INLAND103987616,,
INLAND103987294,,
INLAND103987492,,
INLAND103984555,,
INLAND103984266,,
INLAND103986569,,
INLAND103986288,,
INLAND103989589,,
INLAND103988953,,
INLAND103987822,,
INLAND103984951,,
INLAND103988581,,
INLAND103985339,,
INLAND103985587,,
INLAND103987533,,
INLAND103986650,,
INLAND103988929,,
INLAND103986056,,
INLAND103986048,,
INLAND103986014,,
INLAND103986030,,
INLAND103988739,,
INLAND103986220,,
INLAND103989282,,
INLAND103985660,,
INLAND103985652,,
INLAND103988408,,
INLAND103985206,,
INLAND103987575,,
INLAND103985363,,
INLAND103987442,,
INLAND103986981,,
INLAND103984547,,
INLAND103984274,,
INLAND103988557,,
INLAND103987806,,
INLAND103987137,,
INLAND103984183,,
INLAND103988507,,
INLAND103988424,,
INLAND103987905,,
INLAND103985040,,
INLAND103985610,,
INLAND103987517,,
INLAND103986775,,
INLAND103986741,,
INLAND103988474,,
INLAND103985181,,
INLAND103987450,,
INLAND103984737,,
INLAND103986999,,
INLAND103986072,,
INLAND103988086,,
INLAND103987335,,
INLAND103986410,,
INLAND103987153,,
INLAND103986329,,
INLAND103986345,,
INLAND103986337,,
INLAND103989670,,
INLAND103987476,,
INLAND103987658,,
INLAND103987608,,
INLAND103987674,,
INLAND103987632,,
INLAND103984042,,
INLAND103989068,,
INLAND103987210,,
INLAND103987971,,
INLAND103987260,,
INLAND103989133,,
INLAND103986022,,
INLAND103987418,,
INLAND103987377,,
INLAND103985553,,
INLAND103986080,,
INLAND103987161,,
INLAND103985701,,
INLAND103984670,,
INLAND103987236,,
INLAND103987228,,
INLAND103986535,,
INLAND103985868,,
INLAND103985298,,
INLAND103985397,,
INLAND103988002,,
INLAND103988036,,
INLAND103985818,,
INLAND103988135,,
INLAND103988177,,
INLAND103988630,,
INLAND103988721,,
INLAND103987195,,
INLAND103986428,,
INLAND103985834,,
INLAND103985793,,
INLAND103985248,,
INLAND103984505,,
INLAND103986246,,
INLAND103984662,,
INLAND103987385,,
INLAND103984703,,
INLAND103985579,,
INLAND103985850,,
INLAND103989696,,
INLAND103989703,,
INLAND103989018,,
INLAND103989448,,
INLAND103989365,,
INLAND103989349,,
INLAND103989414,,
INLAND103989373,,
INLAND103989422,,
INLAND103989795,,
INLAND103990586,,
INLAND103989745,,
INLAND103985157,,
INLAND103990023,,
INLAND103989456,,
INLAND103989399,,
INLAND103989406,,
INLAND103989430,,
INLAND103989381,,
INLAND103989472,,
INLAND103989836,,
INLAND103990627,,
INLAND103989860,,
INLAND103989894,,
INLAND103989571,,
INLAND103989555,,
INLAND103985032,,
INLAND103989159,,
INLAND103990734,,
INLAND103990718,,
INLAND103990750,,
INLAND103987880,,
INLAND103984307,,
INLAND103990833,,
INLAND103986064,,
INLAND103987111,,
INLAND103986105,,
INLAND103990825,,
INLAND103989232,,
INLAND103990437,,
INLAND103990247,,
INLAND103990619,,
INLAND103990578,,
INLAND103990221,,
INLAND103989597,,
INLAND103990776,,
INLAND103990479,,
INLAND103990560,,
INLAND103989852,,
INLAND103989828,,
INLAND103989969,,
INLAND103989901,,
INLAND103989513,,
INLAND103990544,,
INLAND103990841,,
INLAND103989810,,
INLAND103990528,,
INLAND103990859,,
INLAND103990239,,
INLAND103989125,,
INLAND103990594,,
INLAND103990081,,
INLAND103990768,,
INLAND103989688,,
INLAND103990396,,
INLAND103991120,,
INLAND103993936,,
INLAND103992384,,
INLAND103991493,,
INLAND103991500,,
INLAND103992946,,
INLAND103993051,,
INLAND103991865,,
INLAND103993168,,
INLAND103992590,,
INLAND103992607,,
INLAND103991170,,
INLAND103993407,,
INLAND103991831,,
INLAND103993548,,
INLAND103992988,,
INLAND103992772,,
INLAND103993085,,
INLAND103991807,,
INLAND103993324,,
INLAND103991740,,
INLAND103991196,,
INLAND103993077,,
INLAND103991451,,
INLAND103991617,,
INLAND103991625,,
INLAND103992863,,
INLAND103993564,,
INLAND103991922,,
INLAND103993259,,
INLAND103993241,,
INLAND103993209,,
INLAND103992219,,
INLAND103992376,,
INLAND103991360,,
INLAND103992102,,
INLAND103993233,,
INLAND103993522,,
INLAND103992409,,
INLAND103991823,,
INLAND103993952,,
INLAND103992780,,
INLAND103991352,,
INLAND103992243,,
INLAND103992251,,
INLAND103993861,,
INLAND103993423,,
INLAND103993895,,
INLAND103991229,,
INLAND103991188,,
INLAND103991518,,
INLAND103992318,,
INLAND103992706,,
INLAND103993514,,
INLAND103993829,,
INLAND103993845,,
INLAND103992764,,
INLAND103993530,,
INLAND103993556,,
INLAND103993308,,
INLAND103993506,,
INLAND103993837,,
INLAND103991112,,
INLAND103993944,,
INLAND103993803,,
INLAND103992524,,
INLAND103991683,,
INLAND103992417,,
INLAND103993605,,
INLAND103991790,,
INLAND103991097,,
INLAND103991401,,
INLAND103992342,,
INLAND103992095,,
INLAND103991477,,
INLAND103993332,,
INLAND103993340,,
INLAND103993275,,
INLAND103992540,,
INLAND103993069,,
INLAND103991005,,
INLAND103990932,,
INLAND103994356,,
INLAND103993431,,
INLAND103993390,,
INLAND103992326,,
INLAND103992920,,
INLAND103993382,,
INLAND103993853,,
INLAND103992962,,
INLAND103992615,,
INLAND103991378,,
INLAND103994497,,
INLAND103993283,,
INLAND103993655,,
INLAND103993910,,
INLAND103993902,,
INLAND103992673,,
INLAND103993796,,
INLAND103991154,,
INLAND103993465,,
INLAND103993225,,
INLAND103992954,,
INLAND103992623,,
INLAND103992574,,
INLAND103992756,,
INLAND103994067,,
INLAND103992665,,
INLAND103990916,,
INLAND103990908,,
INLAND103994744,,
INLAND103994778,,
INLAND103994877,,
INLAND103994588,,
INLAND103994926,,
INLAND103994299,,
INLAND103994439,,
INLAND103994132,,
INLAND103991328,,
INLAND103992805,,
INLAND103990966,,
INLAND103991485,,
INLAND103991469,,
INLAND103991526,,
INLAND103994728,,
INLAND103992558,,
INLAND103992566,,
INLAND103994851,,
INLAND103994033,,
INLAND103994041,,
INLAND103994108,,
INLAND103993986,,
INLAND103991659,,
INLAND103991592,,
INLAND103991609,,
INLAND103991584,,
INLAND103994710,,
INLAND103994786,,
INLAND103992508,,
INLAND103992491,,
INLAND103994554,,
INLAND103994900,,
INLAND103994760,,
INLAND103994950,,
INLAND103993811,,
INLAND103993192,,
INLAND103994918,,
INLAND103994207,,
INLAND103994083,,
INLAND103994166,,
INLAND103991758,,
INLAND103991815,,
INLAND103991774,,
INLAND103994835,,
INLAND103994281,,
INLAND103994124,,
INLAND103994976,,
INLAND103994801,,
INLAND103994819,,
INLAND103994968,,
INLAND103994596,,
INLAND103993481,,
INLAND103994322,,
INLAND103994405,,
INLAND103994017,,
INLAND103992714,,
INLAND103994512,,
INLAND103994934,,
INLAND103994158,,
INLAND103994942,,
INLAND103994752,,
INLAND103994562,,
INLAND103993027,,
INLAND103994372,,
INLAND103994489,,
INLAND103994611,,
INLAND103991716,,
INLAND103991534,,
INLAND103996790,,
INLAND103998613,,
INLAND103998316,,
INLAND103997730,,
INLAND103996469,,
INLAND103995502,,
INLAND103996104,,
INLAND103995841,,
INLAND103998415,,
INLAND103995437,,
INLAND103996419,,
INLAND103996732,,
INLAND103998580,,
INLAND103997491,,
INLAND103997516,,
INLAND103998100,,
INLAND103996063,,
INLAND103995445,,
INLAND103998332,,
INLAND103998093,,
INLAND103995601,,
INLAND103997293,,
INLAND103998259,,
INLAND103997227,,
INLAND103996229,,
INLAND103996823,,
INLAND103996849,,
INLAND103995255,,
INLAND103994992,,
INLAND103997657,,
INLAND103997649,,
INLAND103995833,,
INLAND103998837,,
INLAND103998423,,
INLAND103998647,,
INLAND103997152,,
INLAND103995031,,
INLAND103996774,,
INLAND103996584,,
INLAND103996097,,
INLAND103995594,,
INLAND103997483,,
INLAND103995362,,
INLAND103997277,,
INLAND103998556,,
INLAND103995015,,
INLAND103996526,,
INLAND103998770,,
INLAND103995924,,
INLAND103995271,,
INLAND103996287,,
INLAND103996245,,
INLAND103998358,,
INLAND103997087,,
INLAND103997061,,
INLAND103998754,,
INLAND103995966,,
INLAND103997566,,
INLAND103997508,,
INLAND103996922,,
INLAND103995982,,
INLAND103996401,,
INLAND103994984,,
INLAND103997558,,
INLAND103997540,,
INLAND103997665,,
INLAND103997574,,
INLAND103996683,,
INLAND103995974,,
INLAND103995544,,
INLAND103998324,,
INLAND103997897,,
INLAND103995156,,
INLAND103995700,,
INLAND103996112,,
INLAND103995875,,
INLAND103997920,,
INLAND103998720,,
INLAND103996005,,
INLAND103998572,,
INLAND103996948,,
INLAND103996930,,
INLAND103996477,,
INLAND103995825,,
INLAND103997847,,
INLAND103996980,,
INLAND103996295,,
INLAND103996302,,
INLAND103996279,,
INLAND103995495,,
INLAND103998233,,
INLAND103998340,,
INLAND103997318,,
INLAND103998382,,
INLAND103998407,,
INLAND103996196,,
INLAND103997772,,
INLAND103997798,,
INLAND103997756,,
INLAND103997764,,
INLAND103997805,,
INLAND103997780,,
INLAND103998829,,
INLAND103997251,,
INLAND103996576,,
INLAND103996146,,
INLAND103997235,,
INLAND103997475,,
INLAND103997582,,
INLAND103996138,,
INLAND103998168,,
INLAND103997441,,
INLAND103996394,,
INLAND103996427,,
INLAND103996500,,
INLAND103998598,,
INLAND103997871,,
INLAND103996881,,
INLAND103995643,,
INLAND103997946,,
INLAND103997095,,
INLAND103997699,,
INLAND103998225,,
INLAND103995213,,
INLAND103996659,,
INLAND103998689,,
INLAND103998499,,
INLAND103996253,,
INLAND103998085,,
INLAND103996873,,
INLAND103999926,,
INLAND103998936,,
INLAND103995065,,
INLAND103995883,,
INLAND103995891,,
INLAND103998548,,
INLAND103998811,,
INLAND103998530,,
INLAND103998481,,
INLAND103998697,,
INLAND103998671,,
INLAND103995164,,
INLAND103997938,,
INLAND103995057,,
INLAND103995510,,
INLAND103998043,,
INLAND103998861,,
INLAND103997269,,
INLAND103997300,,
INLAND103998788,,
INLAND103999372,,
INLAND103999489,,
INLAND103999596,,
INLAND103999570,,
INLAND103999546,,
INLAND103997136,,
INLAND103996047,,
INLAND103999174,,
INLAND103998564,,
INLAND103995627,,
INLAND103995536,,
INLAND103995552,,
INLAND103995578,,
INLAND103996691,,
INLAND103998879,,
INLAND103995940,,
INLAND103996766,,
INLAND103998366,,
INLAND103996493,,
INLAND103999801,,
INLAND103999794,,
INLAND103999992,,
INLAND103999033,,
INLAND103999322,,
INLAND103999661,,
INLAND103999679,,
INLAND103999504,,
INLAND103999760,,
INLAND103999356,,
INLAND103999364,,
INLAND104000673,,
INLAND104000227,,
INLAND104000087,,
INLAND104000714,,
INLAND104000706,,
INLAND104000144,,
INLAND103999398,,
INLAND104000623,,
INLAND104000467,,
INLAND104000433,,
INLAND104000417,,
INLAND104000392,,
INLAND103999314,,
INLAND103999984,,
INLAND104000053,,
INLAND104000045,,
INLAND103999512,,
INLAND103999588,,
INLAND103999778,,
INLAND103999710,,
INLAND103999348,,
INLAND103998986,,
INLAND103999059,,
INLAND103998944,,
INLAND103999166,,
INLAND103999207,,
INLAND103999736,,
INLAND103999885,,
INLAND103999752,,
INLAND103999281,,
INLAND103999330,,
INLAND103997532,,
INLAND103997524,,
INLAND103995221,,
INLAND103995247,,
INLAND103998431,,
INLAND103995487,,
INLAND103995453,,
INLAND104000988,,
INLAND103995726,,
INLAND103995528,,
INLAND103996831,,
INLAND103995635,,
INLAND104000813,,
INLAND104000780,,
INLAND104001283,,
INLAND104000376,,
INLAND104000136,,
INLAND104000128,,
INLAND104000607,,
INLAND104000756,,
INLAND104000194,,
INLAND104000665,,
INLAND104000590,,
INLAND104001308,,
INLAND104000748,,
INLAND104000566,,
INLAND104000730,,
INLAND104000110,,
INLAND104000459,,
INLAND104000631,,
INLAND104000574,,
INLAND104000681,,
INLAND104000186,,
INLAND104000558,,
INLAND104000318,,
INLAND103998887,,
INLAND103999306,,
INLAND103998994,,
INLAND103998910,,
INLAND103999869,,
INLAND103999835,,
INLAND103999827,,
INLAND103999819,,
INLAND103999851,,
INLAND104001192,,
INLAND104001267,,
INLAND104001100,,
INLAND104001093,,
INLAND104001126,,
INLAND104000772,,
INLAND104001019,,
INLAND104001142,,
INLAND104001324,,
INLAND104001275,,
INLAND104000847,,
INLAND104000970,,
INLAND104000954,,
INLAND104001209,,
INLAND104001217,,
INLAND103998902,,
INLAND104001184,,
INLAND104001043,,
67660856694,,
INLAND103657962,,
67660743821,,
67660838906,,
67660846718,,
67660846720,,
INLAND103843743,,
67660852171,,
67660860849,,
67660860967,,
67660861056,,
67660862754,,
67660862760,,
67660863008,,
67660863513,,
INLAND103918380,,
67660864166,,
67660865327,,
67660865977,,
67660866657,,
67660866816,,
INLAND103941076,,
67660867330,,
67660867995,,
67660868090,,
67660868207,,
67660868213,,
INLAND103946472,,
67660868555,,
67660868951,,
67660869172,,
INLAND103949179,,
INLAND103970463,,
INLAND103970447,,
INLAND103970538,,
INLAND103970471,,
INLAND103970455,,
INLAND103971320,,
INLAND103973277,,
INLAND103976643,,
INLAND103976669,,
INLAND103980074,,
INLAND103988656,,
67660835026,,
67660856612,,
67660838166,,
67660711426,,
INLAND103593265,,
INLAND103593265,,
67660718638,,
67660718944,,
67660719329,,
INLAND103607496,,
67660720094,,
67660720401,,
INLAND103607751,,
INLAND103624713,,
67660730165,,
67660733438,,
INLAND103631932,,
INLAND103633962,,
67660736336,,
INLAND103648953,,
INLAND103648945,,
67660739022,,
67660739702,,
67660741520,,
67660741685,,
INLAND103662698,,
67660744150,,
INLAND103665238,,
67660750740,,
67660752585,,
67660753325,,
67660758557,,
INLAND103696697,,
INLAND103703179,,
INLAND103706230,,
67660764843,,
INLAND103706537,,
67660767470,,
INLAND103729191,,
67660773851,,
INLAND103749909,,
67660782192,,
INLAND103757209,,
INLAND103761739,,
67660802140,,
67660807319,,
67660822580,,
67660841805,,
67660844612,,
67660849693,,
67660851751,,
INLAND103855615,,
67660853725,,
67660854377,,
67660854406,,
67660854817,,
67660855439,,
67660855468,,
INLAND103873526,,
67660856774,,
67660856891,,
INLAND103871075,,
INLAND103870019,,
INLAND103873005,,
INLAND103873097,,
67660857270,,
67660857568,,
INLAND103879029,,
INLAND103884458,,
INLAND103881892,,
67660859146,,
INLAND103890124,,
INLAND103891891,,
INLAND103898128,,
INLAND103903159,,
INLAND103901541,,
67660861325,,
67660861599,,
67660861604,,
67660861648,,
INLAND103903969,,
67660861836,,
67660861968,,
INLAND103901351,,
67660862397,,
67660863283,,
67660863374,,
67660863648,,
INLAND103920145,,
INLAND103917473,,
67660864128,,
INLAND103927696,,
INLAND103927109,,
INLAND103926713,,
INLAND103926705,,
INLAND103923610,,
67660865615,,
67660865872,,
INLAND103927969,,
INLAND103928032,,
67660866214,,
67660866216,,
67660866359,,
67660866371,,
INLAND103934154,,
67660866627,,
67660866791,,
67660867020,,
INLAND103939633,,
INLAND103939386,,
INLAND103939378,,
INLAND103940367,,
INLAND103939295,,
67660867552,,
67660867598,,
67660868282,,
67660868454,,
67660868646,,
67660868688,,
INLAND103947082,,
67660868900,,
INLAND103947909,,
INLAND103949864,,
67660869275,,
67660869376,,
67660869906,,
67660870089,,
INLAND103950853,,
INLAND103952338,,
67660870151,,
INLAND103954293,,
INLAND103956786,,
INLAND103956348,,
INLAND103959326,,
INLAND103960414,,
INLAND103960274,,
INLAND103961529,,
INLAND103961884,,
INLAND103961777,,
INLAND103962064,,
INLAND103964169,,
INLAND103963046,,
INLAND103966727,,
INLAND103970083,,
INLAND103970489,,
INLAND103970091,,
INLAND103973384,,
INLAND103972328,,
INLAND103975413,,
INLAND103978516,,
INLAND103976958,,
INLAND103978392,,
INLAND103978475,,
INLAND103982351,,
INLAND103982129,,
INLAND103981006,,
INLAND103980503,,
INLAND103978673,,
INLAND103981072,,
INLAND103982088,,
INLAND103981981,,
INLAND103981973,,
INLAND103980272,,
INLAND103980454,,
INLAND103980446,,
INLAND103980420,,
INLAND103981684,,
INLAND103981296,,
INLAND103983458,,
INLAND103979788,,
INLAND103979407,,
INLAND103979415,,
INLAND103983896,,
INLAND103984993,,
INLAND103984969,,
INLAND103989480,,
INLAND103985446,,
INLAND103984159,,
INLAND103987145,,
INLAND103987179,,
INLAND103988391,,
INLAND103987129,,
INLAND103990180,,
INLAND103990552,,
INLAND103990510,,
INLAND103990502,,
INLAND103990362,,
INLAND103990370,,
INLAND103990429,,
INLAND103989498,,
INLAND103990164,,
INLAND103990924,,
INLAND103992194,,
INLAND103993580,,
INLAND103993316,,
INLAND103991013,,
INLAND103991956,,
INLAND103994330,,
INLAND103993754,,
INLAND103993598,,
INLAND103991146,,
INLAND103991138,,
INLAND103991021,,
INLAND103991849,,
INLAND103992722,,
INLAND103992748,,
INLAND103998621,,
INLAND103996328,,
INLAND103997376,,
INLAND103996336,,
INLAND103996310,,
INLAND103998283,,
INLAND103995073,,
INLAND103998142,,
INLAND103998522,,
INLAND103998217,,
INLAND103998853,,
INLAND103998845,,
INLAND104000037,,
INLAND103999025,,
INLAND104000615,,
INLAND104000152,,
INLAND104000475,,
INLAND104000441,,
INLAND104000095,,
INLAND104000540,,
INLAND104000516,,
INLAND104000524,,
INLAND104000649,,
INLAND104000839,,
INLAND104001241,,
INLAND104001085,,
67660855609,,
67660866299,,
INLAND103596144,,
INLAND103597689,,
67660714298,,
67660714487,,
67660714489,,
67660714800,,
INLAND103594255,,
67660717181,,
67660717315,,
INLAND103603311,,
INLAND103600573,,
INLAND103599445,,
INLAND103601935,,
INLAND103598603,,
INLAND103599875,,
67660717941,,
67660718085,,
67660718310,,
67660718708,,
INLAND103602446,,
INLAND103601753,,
INLAND103604385,,
67660720451,,
67660720564,,
67660721225,,
67660721329,,
67660721897,,
67660721968,,
INLAND103613360,,
INLAND103611364,,
67660723113,,
67660723171,,
67660723187,,
67660723288,,
INLAND103610770,,
67660723413,,
67660723583,,
67660723790,,
INLAND103614582,,
INLAND103611695,,
67660724600,,
67660725019,,
INLAND103614516,,
67660725217,,
67660725306,,
67660725398,,
67660725486,,
67660725512,,
67660725724,,
67660725789,,
67660725898,,
67660726114,,
67660726175,,
67660726306,,
67660726381,,
INLAND103619110,,
67660726682,,
67660726693,,
INLAND103622204,,
67660726936,,
67660726937,,
67660726980,,
67660727209,,
67660727505,,
67660727553,,
67660727555,,
67660727813,,
67660728018,,
67660728067,,
67660728089,,
67660728116,,
67660728126,,
67660728191,,
67660728699,,
67660729160,,
67660729345,,
67660729553,,
67660730064,,
INLAND103624515,,
INLAND103624549,,
67660730184,,
67660730425,,
67660730510,,
67660730543,,
67660730553,,
67660731017,,
67660731031,,
67660731118,,
67660731145,,
67660731259,,
67660731583,,
67660731878,,
67660731921,,
67660732022,,
67660732346,,
67660732447,,
67660732592,,
67660732608,,
INLAND103628674,,
67660732639,,
67660732888,,
67660733072,,
67660733166,,
67660733206,,
67660733238,,
67660733325,,
67660733392,,
67660733449,,
67660733495,,
67660733551,,
67660733750,,
67660733763,,
67660733873,,
67660733893,,
INLAND103631974,,
INLAND103634233,,
67660734128,,
67660734305,,
67660734393,,
67660734907,,
67660734925,,
67660735206,,
67660735333,,
67660735519,,
67660735821,,
67660735935,,
67660735982,,
67660736067,,
INLAND103639118,,
67660736117,,
INLAND103639887,,
INLAND103643432,,
67660736365,,
67660736426,,
67660736501,,
67660736548,,
67660737099,,
67660737173,,
67660737362,,
67660737390,,
67660737988,,
67660738986,,
67660739096,,
67660739270,,
67660739482,,
67660739504,,
67660739935,,
67660739966,,
67660740147,,
67660740361,,
INLAND103656948,,
INLAND103656922,,
67660741012,,
67660741038,,
67660741094,,
INLAND103659182,,
INLAND103658431,,
67660741276,,
67660741289,,
67660741414,,
67660742002,,
67660742099,,
67660742389,,
67660742801,,
67660742862,,
INLAND103660957,,
INLAND103661468,,
INLAND103660600,,
67660742984,,
INLAND103661799,,
67660743303,,
67660743472,,
67660743609,,
INLAND103662466,,
INLAND103664131,,
67660744176,,
67660744229,,
67660744234,,
67660744416,,
INLAND103664280,,
67660744450,,
67660744472,,
67660744645,,
67660744866,,
INLAND103665725,,
INLAND103666070,,
INLAND103665650,,
INLAND103666682,,
INLAND103666799,,
67660745880,,
67660745884,,
67660746162,,
INLAND103667664,,
67660746282,,
67660746370,,
67660746505,,
67660746533,,
67660746932,,
67660747192,,
INLAND103670170,,
INLAND103673223,,
67660749674,,
INLAND103674544,,
67660751814,,
INLAND103677499,,
67660753049,,
67660753237,,
INLAND103680963,,
INLAND103677986,,
INLAND103678869,,
INLAND103678984,,
INLAND103680088,,
67660753552,,
67660753706,,
67660754146,,
67660754244,,
INLAND103679164,,
INLAND103683173,,
INLAND103681276,,
67660754847,,
INLAND103682307,,
67660754952,,
INLAND103683628,,
67660755810,,
INLAND103685632,,
67660756090,,
INLAND103685773,,
INLAND103685583,,
67660756769,,
INLAND103687109,,
INLAND103687092,,
67660756965,,
67660756988,,
INLAND103686961,,
67660758534,,
67660758620,,
67660758622,,
67660758810,,
67660758815,,
67660759064,,
INLAND103690061,,
INLAND103692786,,
INLAND103689197,,
INLAND103689759,,
INLAND103692992,,
INLAND103691126,,
INLAND103692330,,
INLAND103692356,,
INLAND103692348,,
INLAND103693437,,
INLAND103692471,,
INLAND103696093,,
INLAND103692653,,
INLAND103696506,,
INLAND103697083,,
INLAND103696655,,
INLAND103696332,,
67660761129,,
67660761205,,
67660761331,,
67660762315,,
67660762905,,
67660762953,,
INLAND103701785,,
67660763212,,
67660763601,,
67660763687,,
67660763943,,
INLAND103702527,,
INLAND103703096,,
INLAND103702577,,
67660764932,,
INLAND103705547,,
67660765281,,
INLAND103714225,,
INLAND103716437,,
67660767713,,
INLAND103717253,,
67660768045,,
INLAND103722145,,
INLAND103722781,,
INLAND103724092,,
INLAND103724224,,
INLAND103724026,,
67660768258,,
67660768432,,
67660768899,,
67660769239,,
67660769400,,
INLAND103727666,,
67660770451,,
INLAND103729927,,
INLAND103729985,,
INLAND103728747,,
INLAND103728333,,
67660771666,,
67660772336,,
INLAND103731956,,
67660772577,,
67660772796,,
INLAND103735809,,
INLAND103735122,,
67660773587,,
67660773671,,
67660774992,,
67660775121,,
INLAND103737152,,
67660775374,,
INLAND103742812,,
67660777529,,
67660777780,,
67660777958,,
INLAND103745519,,
67660779297,,
INLAND103747896,,
INLAND103750815,,
67660780375,,
67660781637,,
67660783119,,
67660783560,,
67660783911,,
67660784050,,
67660784449,,
67660785048,,
67660786315,,
67660786421,,
INLAND103768892,,
67660788425,,
67660790713,,
67660790912,,
67660791001,,
67660791358,,
67660792370,,
67660792744,,
67660793419,,
67660793868,,
67660794129,,
67660794426,,
67660794894,,
67660795237,,
67660795319,,
67660798392,,
67660798398,,
67660798490,,
67660798820,,
67660798901,,
67660799379,,
67660799700,,
67660799975,,
67660800642,,
67660801952,,
67660803091,,
67660803299,,
67660804169,,
67660805375,,
67660805579,,
67660806128,,
67660807034,,
67660808539,,
67660812593,,
67660812762,,
67660813942,,
67660814218,,
67660815447,,
67660816440,,
67660817522,,
67660818542,,
67660818750,,
67660819545,,
67660819869,,
67660820881,,
67660821017,,
67660821112,,
67660821755,,
67660821964,,
67660822115,,
67660822386,,
67660822815,,
67660823052,,
67660823155,,
67660824744,,
67660824837,,
67660825665,,
67660827008,,
67660827101,,
67660829917,,
67660830134,,
67660830333,,
67660831012,,
67660831229,,
67660831467,,
67660831701,,
67660832099,,
67660832282,,
67660832322,,
67660832682,,
67660833429,,
67660834081,,
67660835843,,
67660836791,,
67660837325,,
67660837552,,
INLAND103782438,,
INLAND103790001,,
67660841014,,
67660841123,,
INLAND103797007,,
INLAND103796504,,
INLAND103807442,,
INLAND103807187,,
INLAND103810718,,
INLAND103810750,,
67660846099,,
INLAND103820478,,
INLAND103820866,,
INLAND103825212,,
INLAND103835906,,
INLAND103835914,,
INLAND103835386,,
INLAND103846234,,
67660851647,,
INLAND103851910,,
67660852186,,
INLAND103857231,,
67660853071,,
67660853482,,
67660853667,,
67660853709,,
67660853850,,
67660854092,,
67660855093,,
67660855279,,
67660855378,,
67660855383,,
67660855691,,
67660855769,,
67660856397,,
67660856633,,
67660856664,,
67660857495,,
67660858240,,
67660858300,,
67660858363,,
67660858903,,
67660858976,,
67660859360,,
INLAND103886694,,
INLAND103886678,,
67660860361,,
INLAND103888509,,
INLAND103888690,,
INLAND103888541,,
67660860772,,
INLAND103890992,,
INLAND103895364,,
INLAND103898144,,
67660860982,,
67660861534,,
67660863726,,
67660863816,,
INLAND103917134,,
INLAND103915154,,
INLAND103918364,,
INLAND103918885,,
INLAND103914388,,
67660864048,,
67660864969,,
67660865221,,
67660865390,,
INLAND103921789,,
INLAND103921797,,
INLAND103920559,,
67660865635,,
INLAND103929981,,
67660865718,,
INLAND103930516,,
INLAND103928420,,
INLAND103931134,,
67660865972,,
67660866017,,
67660866209,,
67660866248,,
67660866471,,
67660866681,,
67660866778,,
67660866967,,
67660867055,,
67660867289,,
67660867339,,
67660867387,,
67660867477,,
67660867604,,
67660867704,,
INLAND103941430,,
67660867899,,
INLAND103941927,,
67660868209,,
67660868252,,
INLAND103943220,,
67660868388,,
67660868408,,
67660868577,,
67660868609,,
67660868647,,
67660868713,,
INLAND103947389,,
INLAND103947850,,
67660869106,,
67660869163,,
67660869176,,
67660869249,,
INLAND103948410,,
67660869463,,
67660869589,,
67660869718,,
67660869844,,
67660869885,,
67660869889,,
67660870124,,
INLAND103950671,,
67660870168,,
INLAND103953526,,
INLAND103953518,,
INLAND103955077,,
INLAND103955069,,
INLAND103955697,,
INLAND103956091,,
INLAND103956306,,
INLAND103955358,,
INLAND103955499,,
INLAND103955796,,
INLAND103956900,,
INLAND103958295,,
INLAND103957479,,
INLAND103958427,,
INLAND103958641,,
INLAND103958998,,
INLAND103959003,,
INLAND103957867,,
INLAND103958196,,
INLAND103956728,,
INLAND103959780,,
INLAND103956801,,
INLAND103959160,,
INLAND103959962,,
INLAND103959508,,
INLAND103960901,,
INLAND103960779,,
INLAND103961727,,
INLAND103962288,,
INLAND103961941,,
INLAND103961850,,
INLAND103961892,,
INLAND103962585,,
INLAND103961256,,
INLAND103961644,,
INLAND103962486,,
INLAND103961420,,
INLAND103962189,,
INLAND103962618,,
INLAND103961082,,
INLAND103965406,,
INLAND103964367,,
INLAND103963088,,
INLAND103963096,,
INLAND103965357,,
INLAND103963559,,
INLAND103965480,,
INLAND103963062,,
INLAND103964888,,
INLAND103964797,,
INLAND103963103,,
INLAND103963731,,
INLAND103963583,,
INLAND103963898,,
INLAND103966636,,
INLAND103965729,,
INLAND103965620,,
INLAND103966024,,
INLAND103966496,,
INLAND103966107,,
INLAND103966818,,
INLAND103965844,,
INLAND103966264,,
INLAND103966876,,
INLAND103966503,,
INLAND103967402,,
INLAND103967410,,
INLAND103963153,,
INLAND103967288,,
INLAND103966420,,
INLAND103966446,,
INLAND103966909,,
INLAND103966305,,
INLAND103966850,,
INLAND103967329,,
INLAND103967345,,
INLAND103967460,,
INLAND103967486,,
INLAND103967519,,
INLAND103970265,,
INLAND103967741,,
INLAND103969375,,
INLAND103969705,,
INLAND103968715,,
INLAND103970306,,
INLAND103969226,,
INLAND103970504,,
INLAND103969979,,
INLAND103970132,,
INLAND103969846,,
INLAND103970984,,
INLAND103970942,,
INLAND103970877,,
INLAND103970786,,
INLAND103971015,,
INLAND103970992,,
INLAND103970794,,
INLAND103970968,,
INLAND103970976,,
INLAND103970760,,
INLAND103970744,,
INLAND103972857,,
INLAND103971867,,
INLAND103973061,,
INLAND103975405,,
INLAND103973889,,
INLAND103975059,,
INLAND103973194,,
INLAND103973251,,
INLAND103972154,,
INLAND103972641,,
INLAND103973920,,
INLAND103975281,,
INLAND103974217,,
INLAND103977435,,
INLAND103977401,,
INLAND103974499,,
INLAND103973615,,
INLAND103975968,,
INLAND103975942,,
INLAND103975869,,
INLAND103976403,,
INLAND103975976,,
INLAND103976982,,
INLAND103973037,,
INLAND103977013,,
INLAND103977633,,
INLAND103977683,,
INLAND103977873,,
INLAND103977724,,
INLAND103978532,,
INLAND103977443,,
INLAND103977625,,
INLAND103976825,,
INLAND103977477,,
INLAND103977146,,
INLAND103976685,,
INLAND103977237,,
INLAND103980090,,
INLAND103980107,,
INLAND103980983,,
INLAND103982559,,
INLAND103980826,,
INLAND103980488,,
INLAND103979499,,
INLAND103981048,,
INLAND103981501,,
INLAND103982301,,
INLAND103978706,,
INLAND103981379,,
INLAND103979001,,
INLAND103980818,,
INLAND103981022,,
INLAND103981329,,
INLAND103982111,,
INLAND103980587,,
INLAND103980115,,
INLAND103981428,,
INLAND103979027,,
INLAND103982567,,
INLAND103982070,,
INLAND103979853,,
INLAND103983177,,
INLAND103983739,,
INLAND103979910,,
INLAND103981543,,
INLAND103981204,,
INLAND103981197,,
INLAND103979093,,
INLAND103978847,,
INLAND103978839,,
INLAND103978665,,
INLAND103979233,,
INLAND103983052,,
INLAND103982103,,
INLAND103979720,,
INLAND103979770,,
INLAND103980181,,
INLAND103979142,,
INLAND103983044,,
INLAND103978996,,
INLAND103983664,,
INLAND103979944,,
INLAND103983383,,
INLAND103982997,,
INLAND103981882,,
INLAND103981890,,
INLAND103982898,,
INLAND103981436,,
INLAND103983151,,
INLAND103983200,,
INLAND103982616,,
INLAND103985115,,
INLAND103987327,,
INLAND103984068,,
INLAND103985082,,
INLAND103985107,,
INLAND103984638,,
INLAND103987319,,
INLAND103984232,,
INLAND103986311,,
INLAND103988896,,
INLAND103986882,,
INLAND103985644,,
INLAND103984753,,
INLAND103988193,,
INLAND103988375,,
INLAND103988010,,
INLAND103984646,,
INLAND103987393,,
INLAND103988094,,
INLAND103984860,,
INLAND103986262,,
INLAND103989563,,
INLAND103986717,,
INLAND103983862,,
INLAND103985686,,
INLAND103985876,,
INLAND103988284,,
INLAND103988458,,
INLAND103985545,,
INLAND103985537,,
INLAND103984381,,
INLAND103984323,,
INLAND103984331,,
INLAND103984448,,
INLAND103984349,,
INLAND103988052,,
INLAND103988078,,
INLAND103984456,,
INLAND103984430,,
INLAND103984399,,
INLAND103984414,,
INLAND103984373,,
INLAND103984422,,
INLAND103984365,,
INLAND103984357,,
INLAND103989208,,
INLAND103985412,,
INLAND103985438,,
INLAND103986254,,
INLAND103987799,,
INLAND103986824,,
INLAND103985595,,
INLAND103985305,,
INLAND103984216,,
INLAND103985602,,
INLAND103986684,,
INLAND103987468,,
INLAND103987939,,
INLAND103987690,,
INLAND103987682,,
INLAND103985884,,
INLAND103984985,,
INLAND103987509,,
INLAND103987591,,
INLAND103987583,,
INLAND103989323,,
INLAND103985008,,
INLAND103989464,,
INLAND103990651,,
INLAND103990601,,
INLAND103985222,,
INLAND103990213,,
INLAND103988812,,
INLAND103989183,,
INLAND103986783,,
INLAND103986270,,
INLAND103987997,,
INLAND103988169,,
INLAND103990700,,
INLAND103990312,,
INLAND103990338,,
INLAND103989000,,
INLAND103990015,,
INLAND103988979,,
INLAND103990114,,
INLAND103990388,,
INLAND103989109,,
INLAND103990453,,
INLAND103990403,,
INLAND103989175,,
INLAND103990495,,
INLAND103990635,,
INLAND103990461,,
INLAND103989224,,
INLAND103991980,,
INLAND103991972,,
INLAND103992003,,
INLAND103991857,,
INLAND103993647,,
INLAND103993704,,
INLAND103991419,,
INLAND103991055,,
INLAND103991237,,
INLAND103992227,,
INLAND103992269,,
INLAND103992277,,
INLAND103991203,,
INLAND103991104,,
INLAND103992871,,
INLAND103992285,,
INLAND103992300,,
INLAND103991998,,
INLAND103991386,,
INLAND103991394,,
INLAND103993720,,
INLAND103991964,,
INLAND103992813,,
INLAND103992798,,
INLAND103993879,,
INLAND103993126,,
INLAND103992368,,
INLAND103991782,,
INLAND103991732,,
INLAND103992970,,
INLAND103991443,,
INLAND103991542,,
INLAND103991047,,
INLAND103993770,,
INLAND103993001,,
INLAND103993639,,
INLAND103993689,,
INLAND103993449,,
INLAND103992011,,
INLAND103991279,,
INLAND103992631,,
INLAND103992475,,
INLAND103992433,,
INLAND103992459,,
INLAND103992467,,
INLAND103992441,,
INLAND103993291,,
INLAND103990974,,
INLAND103990958,,
INLAND103993499,,
INLAND103993788,,
INLAND103993134,,
INLAND103992334,,
INLAND103992293,,
INLAND103991641,,
INLAND103992821,,
INLAND103992847,,
INLAND103993697,,
INLAND103993473,,
INLAND103991310,,
INLAND103992897,,
INLAND103992904,,
INLAND103991576,,
INLAND103991550,,
INLAND103990883,,
INLAND103994869,,
INLAND103994827,,
INLAND103993621,,
INLAND103993613,,
INLAND103992079,,
INLAND103992061,,
INLAND103991211,,
INLAND103991245,,
INLAND103991302,,
INLAND103991253,,
INLAND103991287,,
INLAND103992912,,
INLAND103993415,,
INLAND103992938,,
INLAND103991675,,
INLAND103993928,,
INLAND103992087,,
INLAND103991162,,
INLAND103992037,,
INLAND103991063,,
INLAND103991039,,
INLAND103993887,,
INLAND103992657,,
INLAND103992855,,
INLAND103992053,,
INLAND103991071,,
INLAND103993358,,
INLAND103991427,,
INLAND103991873,,
INLAND103993712,,
INLAND103993184,,
INLAND103993142,,
INLAND103991435,,
INLAND103994702,,
INLAND103994140,,
INLAND103994257,,
INLAND103994364,,
INLAND103994174,,
INLAND103994182,,
INLAND103994059,,
INLAND103993738,,
INLAND103992483,,
INLAND103993671,,
INLAND103993663,,
INLAND103991948,,
INLAND103991930,,
INLAND103994380,,
INLAND103992532,,
INLAND103992201,,
INLAND103992144,,
INLAND103992110,,
INLAND103992128,,
INLAND103992152,,
INLAND103992160,,
INLAND103993176,,
INLAND103993374,,
INLAND103994570,,
INLAND103994455,,
INLAND103994447,,
INLAND103994075,,
INLAND103994091,,
INLAND103994223,,
INLAND103992045,,
INLAND103994695,,
INLAND103994413,,
INLAND103994603,,
INLAND103993978,,
INLAND103994348,,
INLAND103994273,,
INLAND103994314,,
INLAND103994306,,
INLAND103994463,,
INLAND103994009,,
INLAND103994546,,
INLAND103994736,,
INLAND103994687,,
INLAND103992392,,
INLAND103994265,,
INLAND103991766,,
INLAND103994215,,
INLAND103993994,,
INLAND103993217,,
INLAND103990990,,
INLAND103990891,,
INLAND103994231,,
INLAND103994025,,
INLAND103993746,,
INLAND103991633,,
INLAND103996609,,
INLAND103996203,,
INLAND103996443,,
INLAND103995859,,
INLAND103995099,,
INLAND103998184,,
INLAND103996386,,
INLAND103998465,,
INLAND103995403,,
INLAND103995619,,
INLAND103998192,,
INLAND103995990,,
INLAND103998176,,
INLAND103996211,,
INLAND103995750,,
INLAND103998738,,
INLAND103998639,,
INLAND103997350,,
INLAND103998457,,
INLAND103998019,,
INLAND103996625,,
INLAND103996617,,
INLAND103997243,,
INLAND103997144,,
INLAND103997996,,
INLAND103997988,,
INLAND103995586,,
INLAND103996344,,
INLAND103995958,,
INLAND103997970,,
INLAND103995198,,
INLAND103996039,,
INLAND103995370,,
INLAND103995685,,
INLAND103997912,,
INLAND103995239,,
INLAND103995263,,
INLAND103996261,,
INLAND103996120,,
INLAND103998704,,
INLAND103998655,,
INLAND103998762,,
INLAND103995734,,
INLAND103995768,,
INLAND103998069,,
INLAND103997607,,
INLAND103997839,,
INLAND103997590,,
INLAND103997160,,
INLAND103997748,,
INLAND103997110,,
INLAND103997003,,
INLAND103995742,,
INLAND103995205,,
INLAND103998514,,
INLAND103995776,,
INLAND103995130,,
INLAND103996807,,
INLAND103995338,,
INLAND103996352,,
INLAND103996865,,
INLAND103998118,,
INLAND103998126,,
INLAND103995297,,
INLAND103995289,,
INLAND103995304,,
INLAND103998275,,
INLAND103998241,,
INLAND103996708,,
INLAND103995461,,
INLAND103995479,,
INLAND103995320,,
INLAND103995148,,
INLAND103995784,,
INLAND103997962,,
INLAND103997954,,
INLAND103997285,,
INLAND103996055,,
INLAND103997821,,
INLAND103997863,,
INLAND103997889,,
INLAND103996592,,
INLAND103998663,,
INLAND103999257,,
INLAND103999215,,
INLAND103997631,,
INLAND103996550,,
INLAND103996568,,
INLAND103997813,,
INLAND103995081,,
INLAND103999877,,
INLAND103999900,,
INLAND103998374,,
INLAND103999223,,
INLAND103999976,,
INLAND103998291,,
INLAND103998267,,
INLAND103995346,,
INLAND103999083,,
INLAND103999158,,
INLAND103999108,,
INLAND103999009,,
INLAND103999132,,
INLAND103999950,,
INLAND103999843,,
INLAND103997102,,
INLAND103995180,,
INLAND103997368,,
INLAND103997425,,
INLAND103997467,,
INLAND103997417,,
INLAND103997384,,
INLAND103997392,,
INLAND103997433,,
INLAND103997409,,
INLAND103996758,,
INLAND103995023,,
INLAND103997673,,
INLAND103997128,,
INLAND104000029,,
INLAND103998928,,
INLAND103997342,,
INLAND103998506,,
INLAND103998473,,
INLAND103998390,,
INLAND103995809,,
INLAND103999017,,
INLAND103998978,,
INLAND103996013,,
INLAND103999190,,
INLAND103999124,,
INLAND104000102,,
INLAND104000582,,
INLAND103999702,,
INLAND103999653,,
INLAND103999455,,
INLAND103998960,,
INLAND104000003,,
INLAND104000011,,
INLAND103999728,,
INLAND103999140,,
INLAND103998895,,
INLAND103999645,,
INLAND103999231,,
INLAND103999520,,
INLAND104000061,,
INLAND103999603,,
INLAND103998952,,
INLAND103999968,,
INLAND103996378,,
INLAND103996518,,
INLAND103996815,,
INLAND103996237,,
INLAND103995932,,
INLAND104001051,,
INLAND104001027,,
INLAND104001035,,
INLAND104001069,,
INLAND104001118,,
INLAND104000491,,
INLAND104000384,,
INLAND104000334,,
INLAND104000368,,
INLAND104000409,,
INLAND104000722,,
INLAND104000532,,
INLAND104000483,,
INLAND104000293,,
INLAND104000350,,
INLAND104000235,,
INLAND104000300,,
INLAND104000219,,
INLAND104000764,,
INLAND103999116,,
INLAND103999041,,
INLAND104000699,,
INLAND104000326,,
INLAND104000342,,
INLAND104000160,,
INLAND104000920,,
INLAND104000938,,
INLAND104001001,,
INLAND104000904,,
INLAND104000912,,
INLAND104000863,,
INLAND104000871,,
INLAND104000798,,
INLAND104000855,,
INLAND104001176,,
INLAND104000962,,
INLAND104001134,,
INLAND104001225,,
INLAND104001077,,
INLAND104001316,,
INLAND104000946,,
INLAND104000889,,
INLAND104000821,,
INLAND104000897,,
INLAND104000805,,
INLAND104001291,,
INLAND104001259,,
INLAND103994398,,
